order_id,date,region/locale,distribution channel,product,age_group,quantity,unit_price,revenue
ORD-100000,2026-11-07,West,"['Web Service', 'Mobile', 'In Store', 'Retail', 'Delivery']",Product A,36-45,2,26.73,53.46
ORD-100001,2026-12-06,North,"['Web Service', 'Mobile', 'In Store', 'Retail', 'Delivery']",Product B,18-25,4,38.33,153.32
ORD-100002,2026-04-23,South,"['Web Service', 'Mobile', 'In Store', 'Retail', 'Delivery']",Product A,18-25,2,22.54,45.08
ORD-100003,2026-07-23,West,"['Web Service', 'Mobile', 'In Store', 'Retail', 'Delivery']",Product B,46-55,3,38.15,114.45
ORD-100004,2026-11-02,East,"['Web Service', 'Mobile', 'In Store', 'Retail', 'Delivery']",Product B,18-25,2,43.3,86.6
ORD-100005,2026-08-05,Midwest,"['Web Service', 'Mobile', 'In Store', 'Retail', 'Delivery']",Product B,18-25,1,42.29,42.29
ORD-100006,2026-05-31,North,"['Web Service', 'Mobile', 'In Store', 'Retail', 'Delivery']",Product C,36-45,1,63.05,63.05
ORD-100007,2026-08-06,South,"['Web Service', 'Mobile', 'In Store', 'Retail', 'Delivery']",Product B,56-65,1,42.36,42.36
ORD-100008,2026-11-01,East,"['Web Service', 'Mobile', 'In Store', 'Retail', 'Delivery']",Product B,18-25,2,42.35,84.7
ORD-100009,2026-12-25,South,"['Web Service', 'Mobile', 'In Store', 'Retail', 'Delivery']",Product A,46-55,1,24.19,24.19
ORD-100010,2026-06-18,North,"['Web Service', 'Mobile', 'In Store', 'Retail', 'Delivery']",Product A,46-55,2,24.47,48.94
ORD-100011,2026-12-27,West,"['Web Service', 'Mobile', 'In Store', 'Retail', 'Delivery']",Product C,18-25,2,54.94,109.88
ORD-100012,2026-09-08,West,"['Web Service', 'Mobile', 'In Store', 'Retail', 'Delivery']",Product B,36-45,1,43.47,43.47
ORD-100013,2026-04-12,West,"['Web Service', 'Mobile', 'In Store', 'Retail', 'Delivery']",Product B,56-65,1,45.97,45.97
ORD-100014,2026-12-03,North,"['Web Service', 'Mobile', 'In Store', 'Retail', 'Delivery']",Product A,36-45,2,26.75,53.5
ORD-100015,2026-02-06,South,"['Web Service', 'Mobile', 'In Store', 'Retail', 'Delivery']",Product B,18-25,2,45.71,91.42
ORD-100016,2026-04-22,East,"['Web Service', 'Mobile', 'In Store', 'Retail', 'Delivery']",Product A,46-55,2,24.33,48.66
ORD-100017,2026-10-18,Midwest,"['Web Service', 'Mobile', 'In Store', 'Retail', 'Delivery']",Product C,36-45,1,59.98,59.98
ORD-100018,2026-11-04,Midwest,"['Web Service', 'Mobile', 'In Store', 'Retail', 'Delivery']",Product C,66+,1,59.98,59.98
ORD-100019,2026-02-10,Midwest,"['Web Service', 'Mobile', 'In Store', 'Retail', 'Delivery']",Product C,66+,1,53.96,53.96
ORD-100020,2026-10-07,West,"['Web Service', 'Mobile', 'In Store', 'Retail', 'Delivery']",Product B,18-25,3,36.86,110.58
ORD-100021,2026-11-09,West,"['Web Service', 'Mobile', 'In Store', 'Retail', 'Delivery']",Product C,56-65,2,58.57,117.14
ORD-100022,2027-02-01,South,"['Web Service', 'Mobile', 'In Store', 'Retail', 'Delivery']",Product C,18-25,4,58.99,235.96
ORD-100023,2026-06-07,South,"['Web Service', 'Mobile', 'In Store', 'Retail', 'Delivery']",Product C,26-35,1,55.71,55.71
ORD-100024,2026-03-03,Midwest,"['Web Service', 'Mobile', 'In Store', 'Retail', 'Delivery']",Product B,26-35,2,43.08,86.16
ORD-100025,2026-10-07,North,"['Web Service', 'Mobile', 'In Store', 'Retail', 'Delivery']",Product A,26-35,1,24.24,24.24
ORD-100026,2026-03-22,Midwest,"['Web Service', 'Mobile', 'In Store', 'Retail', 'Delivery']",Product A,26-35,1,23.69,23.69
ORD-100027,2026-02-28,South,"['Web Service', 'Mobile', 'In Store', 'Retail', 'Delivery']",Product B,46-55,2,40.67,81.34
ORD-100028,2026-06-08,North,"['Web Service', 'Mobile', 'In Store', 'Retail', 'Delivery']",Product C,46-55,1,61.35,61.35
ORD-100029,2026-06-08,West,"['Web Service', 'Mobile', 'In Store', 'Retail', 'Delivery']",Product C,26-35,2,53.33,106.66
ORD-100030,2026-02-08,Midwest,"['Web Service', 'Mobile', 'In Store', 'Retail', 'Delivery']",Product A,56-65,3,25.88,77.64
ORD-100031,2026-05-21,South,"['Web Service', 'Mobile', 'In Store', 'Retail', 'Delivery']",Product A,66+,2,25.54,51.08
ORD-100032,2026-09-21,South,"['Web Service', 'Mobile', 'In Store', 'Retail', 'Delivery']",Product A,56-65,2,28.29,56.58
ORD-100033,2026-03-02,South,"['Web Service', 'Mobile', 'In Store', 'Retail', 'Delivery']",Product C,26-35,2,53.58,107.16
ORD-100034,2026-10-30,East,"['Web Service', 'Mobile', 'In Store', 'Retail', 'Delivery']",Product C,36-45,3,56.41,169.23
ORD-100035,2026-06-01,West,"['Web Service', 'Mobile', 'In Store', 'Retail', 'Delivery']",Product C,18-25,3,50.43,151.29
ORD-100036,2026-10-26,Midwest,"['Web Service', 'Mobile', 'In Store', 'Retail', 'Delivery']",Product C,26-35,1,57.53,57.53
ORD-100037,2027-01-10,East,"['Web Service', 'Mobile', 'In Store', 'Retail', 'Delivery']",Product B,26-35,1,39.96,39.96
ORD-100038,2026-03-24,North,"['Web Service', 'Mobile', 'In Store', 'Retail', 'Delivery']",Product B,46-55,3,41.63,124.89
ORD-100039,2026-03-08,East,"['Web Service', 'Mobile', 'In Store', 'Retail', 'Delivery']",Product A,18-25,3,24.68,74.04
ORD-100040,2027-01-01,West,"['Web Service', 'Mobile', 'In Store', 'Retail', 'Delivery']",Product B,56-65,1,39.03,39.03
ORD-100041,2026-03-26,East,"['Web Service', 'Mobile', 'In Store', 'Retail', 'Delivery']",Product C,36-45,2,62.31,124.62
ORD-100042,2026-06-25,North,"['Web Service', 'Mobile', 'In Store', 'Retail', 'Delivery']",Product A,66+,3,23.47,70.41
ORD-100043,2026-06-16,West,"['Web Service', 'Mobile', 'In Store', 'Retail', 'Delivery']",Product C,36-45,1,58.95,58.95
ORD-100044,2026-07-21,North,"['Web Service', 'Mobile', 'In Store', 'Retail', 'Delivery']",Product B,36-45,1,36.44,36.44
ORD-100045,2026-11-10,West,"['Web Service', 'Mobile', 'In Store', 'Retail', 'Delivery']",Product C,46-55,1,59.69,59.69
ORD-100046,2026-11-07,North,"['Web Service', 'Mobile', 'In Store', 'Retail', 'Delivery']",Product C,46-55,3,61.93,185.79
ORD-100047,2026-07-08,Midwest,"['Web Service', 'Mobile', 'In Store', 'Retail', 'Delivery']",Product B,18-25,3,37.27,111.81
ORD-100048,2026-08-28,West,"['Web Service', 'Mobile', 'In Store', 'Retail', 'Delivery']",Product A,26-35,1,26.0,26.0
ORD-100049,2026-05-02,West,"['Web Service', 'Mobile', 'In Store', 'Retail', 'Delivery']",Product C,66+,1,61.39,61.39
ORD-100050,2026-06-08,East,"['Web Service', 'Mobile', 'In Store', 'Retail', 'Delivery']",Product A,56-65,2,26.69,53.38
ORD-100051,2026-05-25,South,"['Web Service', 'Mobile', 'In Store', 'Retail', 'Delivery']",Product C,26-35,1,61.31,61.31
ORD-100052,2026-08-24,East,"['Web Service', 'Mobile', 'In Store', 'Retail', 'Delivery']",Product B,26-35,2,42.6,85.2
ORD-100053,2026-11-02,East,"['Web Service', 'Mobile', 'In Store', 'Retail', 'Delivery']",Product A,26-35,1,25.0,25.0
ORD-100054,2026-09-11,East,"['Web Service', 'Mobile', 'In Store', 'Retail', 'Delivery']",Product A,26-35,3,23.18,69.54
ORD-100055,2026-11-23,Midwest,"['Web Service', 'Mobile', 'In Store', 'Retail', 'Delivery']",Product B,26-35,4,37.16,148.64
ORD-100056,2027-01-10,North,"['Web Service', 'Mobile', 'In Store', 'Retail', 'Delivery']",Product A,26-35,1,28.38,28.38
ORD-100057,2026-04-05,East,"['Web Service', 'Mobile', 'In Store', 'Retail', 'Delivery']",Product B,26-35,1,42.63,42.63
ORD-100058,2026-11-11,East,"['Web Service', 'Mobile', 'In Store', 'Retail', 'Delivery']",Product B,46-55,1,42.97,42.97
ORD-100059,2026-11-08,West,"['Web Service', 'Mobile', 'In Store', 'Retail', 'Delivery']",Product B,18-25,1,39.01,39.01
ORD-100060,2026-09-27,West,"['Web Service', 'Mobile', 'In Store', 'Retail', 'Delivery']",Product B,56-65,1,42.55,42.55
ORD-100061,2026-04-28,Midwest,"['Web Service', 'Mobile', 'In Store', 'Retail', 'Delivery']",Product C,36-45,2,56.01,112.02
ORD-100062,2027-01-11,Midwest,"['Web Service', 'Mobile', 'In Store', 'Retail', 'Delivery']",Product B,46-55,1,43.51,43.51
ORD-100063,2026-12-10,North,"['Web Service', 'Mobile', 'In Store', 'Retail', 'Delivery']",Product A,26-35,4,28.65,114.6
ORD-100064,2026-08-16,South,"['Web Service', 'Mobile', 'In Store', 'Retail', 'Delivery']",Product A,56-65,2,26.99,53.98
ORD-100065,2026-03-27,North,"['Web Service', 'Mobile', 'In Store', 'Retail', 'Delivery']",Product A,36-45,1,28.08,28.08
ORD-100066,2026-04-04,Midwest,"['Web Service', 'Mobile', 'In Store', 'Retail', 'Delivery']",Product A,46-55,1,28.23,28.23
ORD-100067,2026-09-15,Midwest,"['Web Service', 'Mobile', 'In Store', 'Retail', 'Delivery']",Product B,36-45,2,41.95,83.9
ORD-100068,2026-10-02,South,"['Web Service', 'Mobile', 'In Store', 'Retail', 'Delivery']",Product C,36-45,2,61.84,123.68
ORD-100069,2026-06-03,Midwest,"['Web Service', 'Mobile', 'In Store', 'Retail', 'Delivery']",Product A,36-45,1,25.53,25.53
ORD-100070,2026-05-30,West,"['Web Service', 'Mobile', 'In Store', 'Retail', 'Delivery']",Product A,26-35,1,23.36,23.36
ORD-100071,2026-09-27,North,"['Web Service', 'Mobile', 'In Store', 'Retail', 'Delivery']",Product A,26-35,2,24.57,49.14
ORD-100072,2026-11-22,South,"['Web Service', 'Mobile', 'In Store', 'Retail', 'Delivery']",Product A,26-35,3,27.85,83.55
ORD-100073,2026-09-03,East,"['Web Service', 'Mobile', 'In Store', 'Retail', 'Delivery']",Product A,26-35,1,27.83,27.83
ORD-100074,2026-10-07,Midwest,"['Web Service', 'Mobile', 'In Store', 'Retail', 'Delivery']",Product C,36-45,2,53.25,106.5
ORD-100075,2026-12-16,West,"['Web Service', 'Mobile', 'In Store', 'Retail', 'Delivery']",Product B,18-25,1,45.2,45.2
ORD-100076,2026-09-25,Midwest,"['Web Service', 'Mobile', 'In Store', 'Retail', 'Delivery']",Product B,36-45,1,40.29,40.29
ORD-100077,2026-08-14,East,"['Web Service', 'Mobile', 'In Store', 'Retail', 'Delivery']",Product B,26-35,1,39.27,39.27
ORD-100078,2026-05-26,North,"['Web Service', 'Mobile', 'In Store', 'Retail', 'Delivery']",Product B,26-35,2,45.52,91.04
ORD-100079,2026-05-14,North,"['Web Service', 'Mobile', 'In Store', 'Retail', 'Delivery']",Product C,46-55,2,62.56,125.12
ORD-100080,2026-05-23,West,"['Web Service', 'Mobile', 'In Store', 'Retail', 'Delivery']",Product C,56-65,3,57.25,171.75
ORD-100081,2026-03-31,West,"['Web Service', 'Mobile', 'In Store', 'Retail', 'Delivery']",Product B,36-45,3,42.06,126.18
ORD-100082,2026-08-12,North,"['Web Service', 'Mobile', 'In Store', 'Retail', 'Delivery']",Product A,46-55,1,26.1,26.1
ORD-100083,2026-06-05,North,"['Web Service', 'Mobile', 'In Store', 'Retail', 'Delivery']",Product C,26-35,1,60.92,60.92
ORD-100084,2027-01-05,North,"['Web Service', 'Mobile', 'In Store', 'Retail', 'Delivery']",Product B,18-25,3,41.33,123.99
ORD-100085,2026-03-27,North,"['Web Service', 'Mobile', 'In Store', 'Retail', 'Delivery']",Product C,26-35,1,60.81,60.81
ORD-100086,2026-11-03,West,"['Web Service', 'Mobile', 'In Store', 'Retail', 'Delivery']",Product B,26-35,1,38.7,38.7
ORD-100087,2026-06-06,Midwest,"['Web Service', 'Mobile', 'In Store', 'Retail', 'Delivery']",Product B,46-55,2,38.68,77.36
ORD-100088,2026-08-14,South,"['Web Service', 'Mobile', 'In Store', 'Retail', 'Delivery']",Product A,56-65,2,26.31,52.62
ORD-100089,2026-06-13,West,"['Web Service', 'Mobile', 'In Store', 'Retail', 'Delivery']",Product B,26-35,3,39.55,118.65
ORD-100090,2026-10-09,Midwest,"['Web Service', 'Mobile', 'In Store', 'Retail', 'Delivery']",Product C,26-35,5,59.4,297.0
ORD-100091,2026-02-09,South,"['Web Service', 'Mobile', 'In Store', 'Retail', 'Delivery']",Product A,36-45,2,25.3,50.6
ORD-100092,2026-09-06,West,"['Web Service', 'Mobile', 'In Store', 'Retail', 'Delivery']",Product A,18-25,1,25.82,25.82
ORD-100093,2026-06-19,East,"['Web Service', 'Mobile', 'In Store', 'Retail', 'Delivery']",Product C,66+,3,59.16,177.48
ORD-100094,2026-05-10,West,"['Web Service', 'Mobile', 'In Store', 'Retail', 'Delivery']",Product A,26-35,1,26.81,26.81
ORD-100095,2026-06-25,Midwest,"['Web Service', 'Mobile', 'In Store', 'Retail', 'Delivery']",Product B,26-35,3,41.25,123.75
ORD-100096,2026-04-06,West,"['Web Service', 'Mobile', 'In Store', 'Retail', 'Delivery']",Product A,66+,1,26.93,26.93
ORD-100097,2026-10-10,East,"['Web Service', 'Mobile', 'In Store', 'Retail', 'Delivery']",Product A,26-35,2,23.29,46.58
ORD-100098,2026-10-03,East,"['Web Service', 'Mobile', 'In Store', 'Retail', 'Delivery']",Product A,18-25,1,22.82,22.82
ORD-100099,2026-02-28,South,"['Web Service', 'Mobile', 'In Store', 'Retail', 'Delivery']",Product A,18-25,3,26.43,79.29
ORD-100100,2026-12-14,North,"['Web Service', 'Mobile', 'In Store', 'Retail', 'Delivery']",Product C,18-25,2,57.84,115.68
ORD-100101,2026-11-29,South,"['Web Service', 'Mobile', 'In Store', 'Retail', 'Delivery']",Product C,26-35,1,53.59,53.59
ORD-100102,2026-05-18,Midwest,"['Web Service', 'Mobile', 'In Store', 'Retail', 'Delivery']",Product B,66+,4,36.99,147.96
ORD-100103,2026-11-10,West,"['Web Service', 'Mobile', 'In Store', 'Retail', 'Delivery']",Product B,36-45,2,38.4,76.8
ORD-100104,2026-06-25,South,"['Web Service', 'Mobile', 'In Store', 'Retail', 'Delivery']",Product A,18-25,2,24.3,48.6
ORD-100105,2026-12-18,West,"['Web Service', 'Mobile', 'In Store', 'Retail', 'Delivery']",Product B,46-55,1,45.24,45.24
ORD-100106,2026-04-14,North,"['Web Service', 'Mobile', 'In Store', 'Retail', 'Delivery']",Product A,36-45,1,28.18,28.18
ORD-100107,2026-06-28,Midwest,"['Web Service', 'Mobile', 'In Store', 'Retail', 'Delivery']",Product A,18-25,1,26.06,26.06
ORD-100108,2026-02-21,South,"['Web Service', 'Mobile', 'In Store', 'Retail', 'Delivery']",Product B,26-35,3,36.8,110.4
ORD-100109,2026-03-19,Midwest,"['Web Service', 'Mobile', 'In Store', 'Retail', 'Delivery']",Product C,56-65,1,52.94,52.94
ORD-100110,2026-02-21,Midwest,"['Web Service', 'Mobile', 'In Store', 'Retail', 'Delivery']",Product C,26-35,5,53.21,266.05
ORD-100111,2026-06-23,Midwest,"['Web Service', 'Mobile', 'In Store', 'Retail', 'Delivery']",Product A,46-55,1,26.57,26.57
ORD-100112,2026-03-26,South,"['Web Service', 'Mobile', 'In Store', 'Retail', 'Delivery']",Product C,26-35,3,53.91,161.73
ORD-100113,2026-08-25,South,"['Web Service', 'Mobile', 'In Store', 'Retail', 'Delivery']",Product B,56-65,1,38.88,38.88
ORD-100114,2026-08-26,South,"['Web Service', 'Mobile', 'In Store', 'Retail', 'Delivery']",Product C,56-65,2,51.09,102.18
ORD-100115,2026-05-08,South,"['Web Service', 'Mobile', 'In Store', 'Retail', 'Delivery']",Product A,56-65,2,25.08,50.16
ORD-100116,2026-06-28,South,"['Web Service', 'Mobile', 'In Store', 'Retail', 'Delivery']",Product C,36-45,2,57.05,114.1
ORD-100117,2026-06-03,North,"['Web Service', 'Mobile', 'In Store', 'Retail', 'Delivery']",Product C,26-35,2,58.16,116.32
ORD-100118,2026-03-31,North,"['Web Service', 'Mobile', 'In Store', 'Retail', 'Delivery']",Product B,46-55,1,45.92,45.92
ORD-100119,2026-06-30,South,"['Web Service', 'Mobile', 'In Store', 'Retail', 'Delivery']",Product A,36-45,1,28.33,28.33
ORD-100120,2026-08-16,South,"['Web Service', 'Mobile', 'In Store', 'Retail', 'Delivery']",Product B,36-45,2,41.51,83.02
ORD-100121,2026-09-01,West,"['Web Service', 'Mobile', 'In Store', 'Retail', 'Delivery']",Product C,26-35,1,53.3,53.3
ORD-100122,2026-10-09,North,"['Web Service', 'Mobile', 'In Store', 'Retail', 'Delivery']",Product C,26-35,1,63.23,63.23
ORD-100123,2026-11-10,South,"['Web Service', 'Mobile', 'In Store', 'Retail', 'Delivery']",Product B,56-65,2,39.45,78.9
ORD-100124,2026-08-16,East,"['Web Service', 'Mobile', 'In Store', 'Retail', 'Delivery']",Product B,46-55,3,38.39,115.17
ORD-100125,2026-08-15,East,"['Web Service', 'Mobile', 'In Store', 'Retail', 'Delivery']",Product B,26-35,1,43.05,43.05
ORD-100126,2026-03-24,South,"['Web Service', 'Mobile', 'In Store', 'Retail', 'Delivery']",Product C,26-35,2,54.06,108.12
ORD-100127,2026-02-08,Midwest,"['Web Service', 'Mobile', 'In Store', 'Retail', 'Delivery']",Product B,56-65,1,45.1,45.1
ORD-100128,2027-01-21,North,"['Web Service', 'Mobile', 'In Store', 'Retail', 'Delivery']",Product B,46-55,1,39.39,39.39
ORD-100129,2026-10-08,Midwest,"['Web Service', 'Mobile', 'In Store', 'Retail', 'Delivery']",Product A,26-35,2,24.48,48.96
ORD-100130,2026-05-28,North,"['Web Service', 'Mobile', 'In Store', 'Retail', 'Delivery']",Product A,56-65,2,24.3,48.6
ORD-100131,2027-01-22,North,"['Web Service', 'Mobile', 'In Store', 'Retail', 'Delivery']",Product B,46-55,3,40.44,121.32
ORD-100132,2026-10-30,East,"['Web Service', 'Mobile', 'In Store', 'Retail', 'Delivery']",Product A,26-35,2,23.41,46.82
ORD-100133,2026-08-15,West,"['Web Service', 'Mobile', 'In Store', 'Retail', 'Delivery']",Product C,26-35,1,57.88,57.88
ORD-100134,2026-06-11,Midwest,"['Web Service', 'Mobile', 'In Store', 'Retail', 'Delivery']",Product A,36-45,2,24.09,48.18
ORD-100135,2026-09-15,Midwest,"['Web Service', 'Mobile', 'In Store', 'Retail', 'Delivery']",Product B,46-55,2,37.58,75.16
ORD-100136,2026-08-16,South,"['Web Service', 'Mobile', 'In Store', 'Retail', 'Delivery']",Product C,66+,1,53.65,53.65
ORD-100137,2026-11-22,South,"['Web Service', 'Mobile', 'In Store', 'Retail', 'Delivery']",Product A,56-65,1,26.07,26.07
ORD-100138,2027-01-18,North,"['Web Service', 'Mobile', 'In Store', 'Retail', 'Delivery']",Product C,26-35,3,57.28,171.84
ORD-100139,2026-06-27,South,"['Web Service', 'Mobile', 'In Store', 'Retail', 'Delivery']",Product A,46-55,1,27.71,27.71
ORD-100140,2027-01-04,East,"['Web Service', 'Mobile', 'In Store', 'Retail', 'Delivery']",Product A,46-55,2,24.07,48.14
ORD-100141,2026-09-14,North,"['Web Service', 'Mobile', 'In Store', 'Retail', 'Delivery']",Product A,46-55,2,24.43,48.86
ORD-100142,2026-11-04,North,"['Web Service', 'Mobile', 'In Store', 'Retail', 'Delivery']",Product B,18-25,2,38.01,76.02
ORD-100143,2026-04-26,Midwest,"['Web Service', 'Mobile', 'In Store', 'Retail', 'Delivery']",Product B,56-65,1,45.13,45.13
ORD-100144,2026-05-27,East,"['Web Service', 'Mobile', 'In Store', 'Retail', 'Delivery']",Product B,26-35,3,43.54,130.62
ORD-100145,2026-08-22,Midwest,"['Web Service', 'Mobile', 'In Store', 'Retail', 'Delivery']",Product C,56-65,1,54.53,54.53
ORD-100146,2026-12-24,South,"['Web Service', 'Mobile', 'In Store', 'Retail', 'Delivery']",Product C,18-25,1,54.74,54.74
ORD-100147,2026-11-15,South,"['Web Service', 'Mobile', 'In Store', 'Retail', 'Delivery']",Product A,66+,3,22.66,67.98
ORD-100148,2026-04-01,North,"['Web Service', 'Mobile', 'In Store', 'Retail', 'Delivery']",Product C,26-35,1,58.43,58.43
ORD-100149,2026-11-03,South,"['Web Service', 'Mobile', 'In Store', 'Retail', 'Delivery']",Product A,18-25,2,23.97,47.94
ORD-100150,2026-03-23,Midwest,"['Web Service', 'Mobile', 'In Store', 'Retail', 'Delivery']",Product B,18-25,1,40.15,40.15
ORD-100151,2026-08-09,East,"['Web Service', 'Mobile', 'In Store', 'Retail', 'Delivery']",Product C,56-65,2,49.95,99.9
ORD-100152,2026-08-03,East,"['Web Service', 'Mobile', 'In Store', 'Retail', 'Delivery']",Product B,26-35,3,45.78,137.34
ORD-100153,2026-03-19,North,"['Web Service', 'Mobile', 'In Store', 'Retail', 'Delivery']",Product B,18-25,2,44.24,88.48
ORD-100154,2026-11-17,North,"['Web Service', 'Mobile', 'In Store', 'Retail', 'Delivery']",Product C,46-55,2,63.1,126.2
ORD-100155,2026-07-19,Midwest,"['Web Service', 'Mobile', 'In Store', 'Retail', 'Delivery']",Product C,26-35,2,61.46,122.92
ORD-100156,2026-06-09,East,"['Web Service', 'Mobile', 'In Store', 'Retail', 'Delivery']",Product C,46-55,2,51.29,102.58
ORD-100157,2026-06-02,West,"['Web Service', 'Mobile', 'In Store', 'Retail', 'Delivery']",Product A,56-65,1,22.59,22.59
ORD-100158,2026-03-05,East,"['Web Service', 'Mobile', 'In Store', 'Retail', 'Delivery']",Product A,36-45,3,25.79,77.37
ORD-100159,2026-10-16,Midwest,"['Web Service', 'Mobile', 'In Store', 'Retail', 'Delivery']",Product B,36-45,2,37.09,74.18
ORD-100160,2026-08-25,Midwest,"['Web Service', 'Mobile', 'In Store', 'Retail', 'Delivery']",Product C,26-35,2,63.23,126.46
ORD-100161,2026-12-09,South,"['Web Service', 'Mobile', 'In Store', 'Retail', 'Delivery']",Product A,26-35,4,23.0,92.0
ORD-100162,2026-10-30,Midwest,"['Web Service', 'Mobile', 'In Store', 'Retail', 'Delivery']",Product A,18-25,1,28.72,28.72
ORD-100163,2027-01-02,South,"['Web Service', 'Mobile', 'In Store', 'Retail', 'Delivery']",Product C,26-35,2,59.15,118.3
ORD-100164,2026-09-21,South,"['Web Service', 'Mobile', 'In Store', 'Retail', 'Delivery']",Product C,46-55,1,54.16,54.16
ORD-100165,2026-08-11,East,"['Web Service', 'Mobile', 'In Store', 'Retail', 'Delivery']",Product C,26-35,2,58.65,117.3
ORD-100166,2026-08-10,North,"['Web Service', 'Mobile', 'In Store', 'Retail', 'Delivery']",Product C,66+,2,55.44,110.88
ORD-100167,2026-11-15,Midwest,"['Web Service', 'Mobile', 'In Store', 'Retail', 'Delivery']",Product C,56-65,2,62.65,125.3
ORD-100168,2026-02-27,East,"['Web Service', 'Mobile', 'In Store', 'Retail', 'Delivery']",Product A,26-35,3,28.22,84.66
ORD-100169,2026-10-18,East,"['Web Service', 'Mobile', 'In Store', 'Retail', 'Delivery']",Product C,66+,1,50.92,50.92
ORD-100170,2026-06-23,West,"['Web Service', 'Mobile', 'In Store', 'Retail', 'Delivery']",Product C,26-35,2,51.08,102.16
ORD-100171,2026-12-27,Midwest,"['Web Service', 'Mobile', 'In Store', 'Retail', 'Delivery']",Product B,36-45,1,42.14,42.14
ORD-100172,2026-07-24,North,"['Web Service', 'Mobile', 'In Store', 'Retail', 'Delivery']",Product C,36-45,2,53.75,107.5
ORD-100173,2026-12-22,Midwest,"['Web Service', 'Mobile', 'In Store', 'Retail', 'Delivery']",Product A,26-35,3,22.93,68.79
ORD-100174,2026-07-10,West,"['Web Service', 'Mobile', 'In Store', 'Retail', 'Delivery']",Product A,66+,1,23.48,23.48
ORD-100175,2026-04-21,North,"['Web Service', 'Mobile', 'In Store', 'Retail', 'Delivery']",Product C,46-55,2,61.65,123.3
ORD-100176,2026-06-20,North,"['Web Service', 'Mobile', 'In Store', 'Retail', 'Delivery']",Product C,18-25,1,55.58,55.58
ORD-100177,2027-01-14,East,"['Web Service', 'Mobile', 'In Store', 'Retail', 'Delivery']",Product C,26-35,3,53.39,160.17
ORD-100178,2026-05-16,North,"['Web Service', 'Mobile', 'In Store', 'Retail', 'Delivery']",Product C,36-45,2,50.25,100.5
ORD-100179,2026-10-13,East,"['Web Service', 'Mobile', 'In Store', 'Retail', 'Delivery']",Product A,26-35,4,23.25,93.0
ORD-100180,2027-01-09,South,"['Web Service', 'Mobile', 'In Store', 'Retail', 'Delivery']",Product A,46-55,1,25.99,25.99
ORD-100181,2026-09-24,North,"['Web Service', 'Mobile', 'In Store', 'Retail', 'Delivery']",Product A,56-65,1,25.23,25.23
ORD-100182,2026-03-31,South,"['Web Service', 'Mobile', 'In Store', 'Retail', 'Delivery']",Product B,66+,1,40.18,40.18
ORD-100183,2026-08-05,Midwest,"['Web Service', 'Mobile', 'In Store', 'Retail', 'Delivery']",Product B,26-35,1,42.9,42.9
ORD-100184,2026-07-24,South,"['Web Service', 'Mobile', 'In Store', 'Retail', 'Delivery']",Product A,18-25,1,24.44,24.44
ORD-100185,2026-05-11,Midwest,"['Web Service', 'Mobile', 'In Store', 'Retail', 'Delivery']",Product A,26-35,1,25.82,25.82
ORD-100186,2026-12-06,West,"['Web Service', 'Mobile', 'In Store', 'Retail', 'Delivery']",Product B,56-65,2,37.97,75.94
ORD-100187,2026-09-26,West,"['Web Service', 'Mobile', 'In Store', 'Retail', 'Delivery']",Product C,18-25,2,58.13,116.26
ORD-100188,2026-12-19,Midwest,"['Web Service', 'Mobile', 'In Store', 'Retail', 'Delivery']",Product C,46-55,1,53.94,53.94
ORD-100189,2026-06-21,South,"['Web Service', 'Mobile', 'In Store', 'Retail', 'Delivery']",Product B,26-35,1,39.03,39.03
ORD-100190,2026-06-27,North,"['Web Service', 'Mobile', 'In Store', 'Retail', 'Delivery']",Product B,36-45,1,36.57,36.57
ORD-100191,2026-11-11,Midwest,"['Web Service', 'Mobile', 'In Store', 'Retail', 'Delivery']",Product A,18-25,3,25.39,76.17
ORD-100192,2026-12-07,South,"['Web Service', 'Mobile', 'In Store', 'Retail', 'Delivery']",Product C,66+,3,52.09,156.27
ORD-100193,2026-07-26,South,"['Web Service', 'Mobile', 'In Store', 'Retail', 'Delivery']",Product A,36-45,1,23.15,23.15
ORD-100194,2026-10-27,West,"['Web Service', 'Mobile', 'In Store', 'Retail', 'Delivery']",Product A,66+,3,28.69,86.07
ORD-100195,2026-08-18,East,"['Web Service', 'Mobile', 'In Store', 'Retail', 'Delivery']",Product A,36-45,2,28.24,56.48
ORD-100196,2027-01-14,North,"['Web Service', 'Mobile', 'In Store', 'Retail', 'Delivery']",Product B,26-35,3,36.95,110.85
ORD-100197,2026-04-14,West,"['Web Service', 'Mobile', 'In Store', 'Retail', 'Delivery']",Product B,26-35,1,41.83,41.83
ORD-100198,2026-08-12,West,"['Web Service', 'Mobile', 'In Store', 'Retail', 'Delivery']",Product B,66+,1,39.1,39.1
ORD-100199,2027-01-10,Midwest,"['Web Service', 'Mobile', 'In Store', 'Retail', 'Delivery']",Product B,46-55,1,36.93,36.93
ORD-100200,2026-05-10,East,"['Web Service', 'Mobile', 'In Store', 'Retail', 'Delivery']",Product B,26-35,1,43.66,43.66
ORD-100201,2026-10-18,North,"['Web Service', 'Mobile', 'In Store', 'Retail', 'Delivery']",Product A,26-35,4,27.43,109.72
ORD-100202,2026-12-03,North,"['Web Service', 'Mobile', 'In Store', 'Retail', 'Delivery']",Product C,46-55,1,58.0,58.0
ORD-100203,2026-09-13,Midwest,"['Web Service', 'Mobile', 'In Store', 'Retail', 'Delivery']",Product A,26-35,1,23.53,23.53
ORD-100204,2026-06-03,South,"['Web Service', 'Mobile', 'In Store', 'Retail', 'Delivery']",Product B,18-25,1,38.34,38.34
ORD-100205,2026-09-14,East,"['Web Service', 'Mobile', 'In Store', 'Retail', 'Delivery']",Product B,26-35,1,41.7,41.7
ORD-100206,2026-12-07,Midwest,"['Web Service', 'Mobile', 'In Store', 'Retail', 'Delivery']",Product B,36-45,1,44.17,44.17
ORD-100207,2026-03-25,South,"['Web Service', 'Mobile', 'In Store', 'Retail', 'Delivery']",Product B,18-25,1,41.55,41.55
ORD-100208,2026-10-21,East,"['Web Service', 'Mobile', 'In Store', 'Retail', 'Delivery']",Product C,46-55,2,55.68,111.36
ORD-100209,2026-02-14,West,"['Web Service', 'Mobile', 'In Store', 'Retail', 'Delivery']",Product B,18-25,2,44.85,89.7
ORD-100210,2026-03-23,East,"['Web Service', 'Mobile', 'In Store', 'Retail', 'Delivery']",Product B,26-35,2,36.28,72.56
ORD-100211,2026-06-27,West,"['Web Service', 'Mobile', 'In Store', 'Retail', 'Delivery']",Product C,56-65,5,51.39,256.95
ORD-100212,2026-06-12,South,"['Web Service', 'Mobile', 'In Store', 'Retail', 'Delivery']",Product B,66+,1,36.79,36.79
ORD-100213,2026-06-28,Midwest,"['Web Service', 'Mobile', 'In Store', 'Retail', 'Delivery']",Product A,26-35,2,23.19,46.38
ORD-100214,2026-10-14,West,"['Web Service', 'Mobile', 'In Store', 'Retail', 'Delivery']",Product A,26-35,1,23.19,23.19
ORD-100215,2026-04-15,Midwest,"['Web Service', 'Mobile', 'In Store', 'Retail', 'Delivery']",Product A,36-45,2,24.01,48.02
ORD-100216,2026-08-04,East,"['Web Service', 'Mobile', 'In Store', 'Retail', 'Delivery']",Product A,26-35,2,23.04,46.08
ORD-100217,2026-02-11,Midwest,"['Web Service', 'Mobile', 'In Store', 'Retail', 'Delivery']",Product C,18-25,3,56.48,169.44
ORD-100218,2026-07-27,South,"['Web Service', 'Mobile', 'In Store', 'Retail', 'Delivery']",Product B,26-35,3,43.89,131.67
ORD-100219,2026-02-23,Midwest,"['Web Service', 'Mobile', 'In Store', 'Retail', 'Delivery']",Product C,26-35,1,54.07,54.07
ORD-100220,2026-09-23,South,"['Web Service', 'Mobile', 'In Store', 'Retail', 'Delivery']",Product B,26-35,3,37.35,112.05
ORD-100221,2026-07-09,West,"['Web Service', 'Mobile', 'In Store', 'Retail', 'Delivery']",Product A,18-25,1,24.47,24.47
ORD-100222,2026-02-25,East,"['Web Service', 'Mobile', 'In Store', 'Retail', 'Delivery']",Product C,36-45,3,53.43,160.29
ORD-100223,2026-09-12,North,"['Web Service', 'Mobile', 'In Store', 'Retail', 'Delivery']",Product B,56-65,2,43.99,87.98
ORD-100224,2026-08-08,South,"['Web Service', 'Mobile', 'In Store', 'Retail', 'Delivery']",Product C,56-65,1,59.02,59.02
ORD-100225,2026-03-13,North,"['Web Service', 'Mobile', 'In Store', 'Retail', 'Delivery']",Product C,66+,2,59.5,119.0
ORD-100226,2026-12-06,East,"['Web Service', 'Mobile', 'In Store', 'Retail', 'Delivery']",Product A,26-35,1,24.42,24.42
ORD-100227,2026-07-31,East,"['Web Service', 'Mobile', 'In Store', 'Retail', 'Delivery']",Product A,46-55,2,25.29,50.58
ORD-100228,2027-01-14,North,"['Web Service', 'Mobile', 'In Store', 'Retail', 'Delivery']",Product B,36-45,3,39.63,118.89
ORD-100229,2026-04-06,Midwest,"['Web Service', 'Mobile', 'In Store', 'Retail', 'Delivery']",Product A,18-25,2,25.24,50.48
ORD-100230,2026-08-09,East,"['Web Service', 'Mobile', 'In Store', 'Retail', 'Delivery']",Product C,18-25,1,58.84,58.84
ORD-100231,2026-12-30,West,"['Web Service', 'Mobile', 'In Store', 'Retail', 'Delivery']",Product A,26-35,2,24.99,49.98
ORD-100232,2026-06-14,West,"['Web Service', 'Mobile', 'In Store', 'Retail', 'Delivery']",Product A,26-35,1,24.14,24.14
ORD-100233,2026-10-10,East,"['Web Service', 'Mobile', 'In Store', 'Retail', 'Delivery']",Product A,46-55,2,26.84,53.68
ORD-100234,2026-07-14,South,"['Web Service', 'Mobile', 'In Store', 'Retail', 'Delivery']",Product A,26-35,2,27.57,55.14
ORD-100235,2026-07-04,Midwest,"['Web Service', 'Mobile', 'In Store', 'Retail', 'Delivery']",Product C,46-55,3,56.95,170.85
ORD-100236,2026-04-13,East,"['Web Service', 'Mobile', 'In Store', 'Retail', 'Delivery']",Product C,56-65,1,52.26,52.26
ORD-100237,2026-11-10,East,"['Web Service', 'Mobile', 'In Store', 'Retail', 'Delivery']",Product B,26-35,1,39.69,39.69
ORD-100238,2026-08-29,East,"['Web Service', 'Mobile', 'In Store', 'Retail', 'Delivery']",Product A,18-25,1,25.07,25.07
ORD-100239,2026-09-19,East,"['Web Service', 'Mobile', 'In Store', 'Retail', 'Delivery']",Product A,56-65,2,26.51,53.02
ORD-100240,2026-05-05,West,"['Web Service', 'Mobile', 'In Store', 'Retail', 'Delivery']",Product C,36-45,3,58.3,174.9
ORD-100241,2026-03-01,Midwest,"['Web Service', 'Mobile', 'In Store', 'Retail', 'Delivery']",Product A,46-55,1,28.19,28.19
ORD-100242,2026-07-28,East,"['Web Service', 'Mobile', 'In Store', 'Retail', 'Delivery']",Product C,56-65,2,59.25,118.5
ORD-100243,2026-12-23,North,"['Web Service', 'Mobile', 'In Store', 'Retail', 'Delivery']",Product C,66+,2,52.95,105.9
ORD-100244,2026-12-01,East,"['Web Service', 'Mobile', 'In Store', 'Retail', 'Delivery']",Product B,66+,1,42.41,42.41
ORD-100245,2026-12-07,Midwest,"['Web Service', 'Mobile', 'In Store', 'Retail', 'Delivery']",Product A,66+,1,27.0,27.0
ORD-100246,2026-05-19,North,"['Web Service', 'Mobile', 'In Store', 'Retail', 'Delivery']",Product C,26-35,4,53.14,212.56
ORD-100247,2026-12-19,North,"['Web Service', 'Mobile', 'In Store', 'Retail', 'Delivery']",Product B,46-55,3,40.98,122.94
ORD-100248,2026-09-21,South,"['Web Service', 'Mobile', 'In Store', 'Retail', 'Delivery']",Product C,36-45,2,55.08,110.16
ORD-100249,2026-07-25,South,"['Web Service', 'Mobile', 'In Store', 'Retail', 'Delivery']",Product A,18-25,3,25.4,76.2
ORD-100250,2026-11-15,East,"['Web Service', 'Mobile', 'In Store', 'Retail', 'Delivery']",Product B,36-45,2,39.71,79.42
ORD-100251,2026-03-22,North,"['Web Service', 'Mobile', 'In Store', 'Retail', 'Delivery']",Product A,18-25,1,24.05,24.05
ORD-100252,2026-11-23,South,"['Web Service', 'Mobile', 'In Store', 'Retail', 'Delivery']",Product B,18-25,2,39.27,78.54
ORD-100253,2026-09-28,South,"['Web Service', 'Mobile', 'In Store', 'Retail', 'Delivery']",Product A,46-55,4,28.72,114.88
ORD-100254,2026-06-04,North,"['Web Service', 'Mobile', 'In Store', 'Retail', 'Delivery']",Product B,36-45,2,40.57,81.14
ORD-100255,2027-01-01,North,"['Web Service', 'Mobile', 'In Store', 'Retail', 'Delivery']",Product B,26-35,2,41.98,83.96
ORD-100256,2026-08-07,North,"['Web Service', 'Mobile', 'In Store', 'Retail', 'Delivery']",Product B,46-55,2,44.82,89.64
ORD-100257,2026-11-15,South,"['Web Service', 'Mobile', 'In Store', 'Retail', 'Delivery']",Product B,46-55,1,36.51,36.51
ORD-100258,2026-12-17,North,"['Web Service', 'Mobile', 'In Store', 'Retail', 'Delivery']",Product C,26-35,1,60.85,60.85
ORD-100259,2026-07-24,North,"['Web Service', 'Mobile', 'In Store', 'Retail', 'Delivery']",Product A,46-55,2,24.96,49.92
ORD-100260,2026-02-20,West,"['Web Service', 'Mobile', 'In Store', 'Retail', 'Delivery']",Product B,36-45,1,36.4,36.4
ORD-100261,2026-10-22,Midwest,"['Web Service', 'Mobile', 'In Store', 'Retail', 'Delivery']",Product B,18-25,1,42.06,42.06
ORD-100262,2026-10-18,West,"['Web Service', 'Mobile', 'In Store', 'Retail', 'Delivery']",Product C,18-25,1,57.66,57.66
ORD-100263,2026-02-09,Midwest,"['Web Service', 'Mobile', 'In Store', 'Retail', 'Delivery']",Product C,56-65,2,53.62,107.24
ORD-100264,2026-02-14,South,"['Web Service', 'Mobile', 'In Store', 'Retail', 'Delivery']",Product C,26-35,1,58.96,58.96
ORD-100265,2026-02-27,Midwest,"['Web Service', 'Mobile', 'In Store', 'Retail', 'Delivery']",Product B,36-45,1,38.28,38.28
ORD-100266,2026-06-05,Midwest,"['Web Service', 'Mobile', 'In Store', 'Retail', 'Delivery']",Product A,36-45,2,27.64,55.28
ORD-100267,2026-04-19,West,"['Web Service', 'Mobile', 'In Store', 'Retail', 'Delivery']",Product C,18-25,2,53.81,107.62
ORD-100268,2026-03-04,Midwest,"['Web Service', 'Mobile', 'In Store', 'Retail', 'Delivery']",Product A,26-35,2,27.1,54.2
ORD-100269,2027-01-06,Midwest,"['Web Service', 'Mobile', 'In Store', 'Retail', 'Delivery']",Product C,46-55,1,53.97,53.97
ORD-100270,2027-01-13,West,"['Web Service', 'Mobile', 'In Store', 'Retail', 'Delivery']",Product B,36-45,1,41.46,41.46
ORD-100271,2026-06-07,Midwest,"['Web Service', 'Mobile', 'In Store', 'Retail', 'Delivery']",Product C,46-55,2,56.16,112.32
ORD-100272,2026-10-04,East,"['Web Service', 'Mobile', 'In Store', 'Retail', 'Delivery']",Product B,26-35,2,40.89,81.78
ORD-100273,2026-08-14,East,"['Web Service', 'Mobile', 'In Store', 'Retail', 'Delivery']",Product C,26-35,2,58.8,117.6
ORD-100274,2026-07-28,West,"['Web Service', 'Mobile', 'In Store', 'Retail', 'Delivery']",Product B,56-65,1,43.14,43.14
ORD-100275,2026-11-03,South,"['Web Service', 'Mobile', 'In Store', 'Retail', 'Delivery']",Product C,66+,2,52.44,104.88
ORD-100276,2026-10-30,West,"['Web Service', 'Mobile', 'In Store', 'Retail', 'Delivery']",Product C,26-35,3,50.2,150.6
ORD-100277,2026-03-24,North,"['Web Service', 'Mobile', 'In Store', 'Retail', 'Delivery']",Product A,26-35,3,26.98,80.94
ORD-100278,2026-10-02,Midwest,"['Web Service', 'Mobile', 'In Store', 'Retail', 'Delivery']",Product A,46-55,2,26.58,53.16
ORD-100279,2026-03-03,East,"['Web Service', 'Mobile', 'In Store', 'Retail', 'Delivery']",Product A,36-45,1,24.28,24.28
ORD-100280,2026-05-01,West,"['Web Service', 'Mobile', 'In Store', 'Retail', 'Delivery']",Product A,56-65,1,28.35,28.35
ORD-100281,2026-06-29,South,"['Web Service', 'Mobile', 'In Store', 'Retail', 'Delivery']",Product A,26-35,1,23.66,23.66
ORD-100282,2026-09-21,Midwest,"['Web Service', 'Mobile', 'In Store', 'Retail', 'Delivery']",Product A,56-65,1,24.59,24.59
ORD-100283,2026-04-10,South,"['Web Service', 'Mobile', 'In Store', 'Retail', 'Delivery']",Product C,66+,1,61.73,61.73
ORD-100284,2026-12-29,West,"['Web Service', 'Mobile', 'In Store', 'Retail', 'Delivery']",Product B,56-65,2,43.31,86.62
ORD-100285,2026-05-10,East,"['Web Service', 'Mobile', 'In Store', 'Retail', 'Delivery']",Product A,26-35,1,26.05,26.05
ORD-100286,2026-04-13,South,"['Web Service', 'Mobile', 'In Store', 'Retail', 'Delivery']",Product C,18-25,1,52.04,52.04
ORD-100287,2026-09-17,East,"['Web Service', 'Mobile', 'In Store', 'Retail', 'Delivery']",Product A,36-45,1,24.9,24.9
ORD-100288,2027-01-21,Midwest,"['Web Service', 'Mobile', 'In Store', 'Retail', 'Delivery']",Product B,46-55,1,42.54,42.54
ORD-100289,2026-10-16,South,"['Web Service', 'Mobile', 'In Store', 'Retail', 'Delivery']",Product C,26-35,1,55.07,55.07
ORD-100290,2026-05-25,North,"['Web Service', 'Mobile', 'In Store', 'Retail', 'Delivery']",Product C,66+,1,54.55,54.55
ORD-100291,2026-08-11,West,"['Web Service', 'Mobile', 'In Store', 'Retail', 'Delivery']",Product A,26-35,1,28.68,28.68
ORD-100292,2026-12-03,Midwest,"['Web Service', 'Mobile', 'In Store', 'Retail', 'Delivery']",Product C,26-35,2,58.85,117.7
ORD-100293,2026-08-05,South,"['Web Service', 'Mobile', 'In Store', 'Retail', 'Delivery']",Product A,56-65,1,25.8,25.8
ORD-100294,2026-04-26,North,"['Web Service', 'Mobile', 'In Store', 'Retail', 'Delivery']",Product C,18-25,3,56.88,170.64
ORD-100295,2026-10-09,North,"['Web Service', 'Mobile', 'In Store', 'Retail', 'Delivery']",Product C,26-35,1,59.36,59.36
ORD-100296,2026-09-25,North,"['Web Service', 'Mobile', 'In Store', 'Retail', 'Delivery']",Product C,18-25,1,50.29,50.29
ORD-100297,2026-02-02,South,"['Web Service', 'Mobile', 'In Store', 'Retail', 'Delivery']",Product B,46-55,2,38.54,77.08
ORD-100298,2026-03-03,North,"['Web Service', 'Mobile', 'In Store', 'Retail', 'Delivery']",Product C,46-55,1,56.94,56.94
ORD-100299,2026-05-04,North,"['Web Service', 'Mobile', 'In Store', 'Retail', 'Delivery']",Product A,66+,2,24.29,48.58
ORD-100300,2026-08-13,East,"['Web Service', 'Mobile', 'In Store', 'Retail', 'Delivery']",Product C,46-55,2,61.46,122.92
ORD-100301,2026-05-03,West,"['Web Service', 'Mobile', 'In Store', 'Retail', 'Delivery']",Product C,26-35,1,54.28,54.28
ORD-100302,2026-02-12,West,"['Web Service', 'Mobile', 'In Store', 'Retail', 'Delivery']",Product B,66+,1,36.03,36.03
ORD-100303,2026-05-29,South,"['Web Service', 'Mobile', 'In Store', 'Retail', 'Delivery']",Product B,66+,1,41.32,41.32
ORD-100304,2027-01-05,East,"['Web Service', 'Mobile', 'In Store', 'Retail', 'Delivery']",Product B,26-35,2,36.32,72.64
ORD-100305,2026-09-17,West,"['Web Service', 'Mobile', 'In Store', 'Retail', 'Delivery']",Product A,26-35,4,26.21,104.84
ORD-100306,2026-05-23,West,"['Web Service', 'Mobile', 'In Store', 'Retail', 'Delivery']",Product C,36-45,1,52.72,52.72
ORD-100307,2026-05-31,Midwest,"['Web Service', 'Mobile', 'In Store', 'Retail', 'Delivery']",Product A,46-55,1,28.71,28.71
ORD-100308,2026-06-02,East,"['Web Service', 'Mobile', 'In Store', 'Retail', 'Delivery']",Product C,56-65,1,60.75,60.75
ORD-100309,2026-11-13,West,"['Web Service', 'Mobile', 'In Store', 'Retail', 'Delivery']",Product A,26-35,1,24.22,24.22
ORD-100310,2026-12-27,South,"['Web Service', 'Mobile', 'In Store', 'Retail', 'Delivery']",Product C,66+,1,54.24,54.24
ORD-100311,2026-07-04,South,"['Web Service', 'Mobile', 'In Store', 'Retail', 'Delivery']",Product C,46-55,1,55.11,55.11
ORD-100312,2026-03-02,West,"['Web Service', 'Mobile', 'In Store', 'Retail', 'Delivery']",Product C,26-35,2,60.58,121.16
ORD-100313,2026-06-05,Midwest,"['Web Service', 'Mobile', 'In Store', 'Retail', 'Delivery']",Product B,36-45,1,37.34,37.34
ORD-100314,2026-06-18,South,"['Web Service', 'Mobile', 'In Store', 'Retail', 'Delivery']",Product B,26-35,2,37.9,75.8
ORD-100315,2026-11-28,North,"['Web Service', 'Mobile', 'In Store', 'Retail', 'Delivery']",Product C,26-35,1,52.09,52.09
ORD-100316,2026-02-08,South,"['Web Service', 'Mobile', 'In Store', 'Retail', 'Delivery']",Product C,46-55,2,53.67,107.34
ORD-100317,2027-01-27,South,"['Web Service', 'Mobile', 'In Store', 'Retail', 'Delivery']",Product A,26-35,4,26.85,107.4
ORD-100318,2026-06-14,East,"['Web Service', 'Mobile', 'In Store', 'Retail', 'Delivery']",Product A,26-35,2,24.75,49.5
ORD-100319,2026-07-14,North,"['Web Service', 'Mobile', 'In Store', 'Retail', 'Delivery']",Product B,26-35,1,43.22,43.22
ORD-100320,2026-02-09,South,"['Web Service', 'Mobile', 'In Store', 'Retail', 'Delivery']",Product B,66+,3,43.41,130.23
ORD-100321,2026-05-29,South,"['Web Service', 'Mobile', 'In Store', 'Retail', 'Delivery']",Product C,26-35,2,52.2,104.4
ORD-100322,2026-12-26,Midwest,"['Web Service', 'Mobile', 'In Store', 'Retail', 'Delivery']",Product A,26-35,1,27.63,27.63
ORD-100323,2026-11-07,East,"['Web Service', 'Mobile', 'In Store', 'Retail', 'Delivery']",Product B,46-55,1,37.69,37.69
ORD-100324,2027-01-09,Midwest,"['Web Service', 'Mobile', 'In Store', 'Retail', 'Delivery']",Product C,36-45,3,62.5,187.5
ORD-100325,2027-01-29,West,"['Web Service', 'Mobile', 'In Store', 'Retail', 'Delivery']",Product A,18-25,2,23.95,47.9
ORD-100326,2026-10-06,South,"['Web Service', 'Mobile', 'In Store', 'Retail', 'Delivery']",Product A,18-25,1,26.35,26.35
ORD-100327,2026-02-07,Midwest,"['Web Service', 'Mobile', 'In Store', 'Retail', 'Delivery']",Product A,46-55,2,25.95,51.9
ORD-100328,2026-05-03,Midwest,"['Web Service', 'Mobile', 'In Store', 'Retail', 'Delivery']",Product C,18-25,2,58.77,117.54
ORD-100329,2026-06-10,West,"['Web Service', 'Mobile', 'In Store', 'Retail', 'Delivery']",Product A,18-25,1,26.37,26.37
ORD-100330,2027-01-23,North,"['Web Service', 'Mobile', 'In Store', 'Retail', 'Delivery']",Product B,56-65,1,41.65,41.65
ORD-100331,2026-11-10,North,"['Web Service', 'Mobile', 'In Store', 'Retail', 'Delivery']",Product C,26-35,3,54.71,164.13
ORD-100332,2026-07-20,West,"['Web Service', 'Mobile', 'In Store', 'Retail', 'Delivery']",Product C,36-45,3,58.37,175.11
ORD-100333,2027-01-21,North,"['Web Service', 'Mobile', 'In Store', 'Retail', 'Delivery']",Product A,36-45,2,23.94,47.88
ORD-100334,2026-11-06,North,"['Web Service', 'Mobile', 'In Store', 'Retail', 'Delivery']",Product B,56-65,3,38.8,116.4
ORD-100335,2026-05-18,East,"['Web Service', 'Mobile', 'In Store', 'Retail', 'Delivery']",Product A,36-45,1,22.6,22.6
ORD-100336,2026-08-19,North,"['Web Service', 'Mobile', 'In Store', 'Retail', 'Delivery']",Product C,36-45,1,57.29,57.29
ORD-100337,2026-04-13,South,"['Web Service', 'Mobile', 'In Store', 'Retail', 'Delivery']",Product C,46-55,3,59.89,179.67
ORD-100338,2026-05-30,Midwest,"['Web Service', 'Mobile', 'In Store', 'Retail', 'Delivery']",Product C,56-65,1,50.84,50.84
ORD-100339,2026-08-23,Midwest,"['Web Service', 'Mobile', 'In Store', 'Retail', 'Delivery']",Product B,56-65,1,45.55,45.55
ORD-100340,2026-11-11,East,"['Web Service', 'Mobile', 'In Store', 'Retail', 'Delivery']",Product B,66+,2,38.28,76.56
ORD-100341,2026-03-16,Midwest,"['Web Service', 'Mobile', 'In Store', 'Retail', 'Delivery']",Product B,66+,1,42.61,42.61
ORD-100342,2026-12-22,North,"['Web Service', 'Mobile', 'In Store', 'Retail', 'Delivery']",Product B,46-55,2,43.12,86.24
ORD-100343,2026-07-08,East,"['Web Service', 'Mobile', 'In Store', 'Retail', 'Delivery']",Product B,18-25,3,36.05,108.15
ORD-100344,2026-10-21,West,"['Web Service', 'Mobile', 'In Store', 'Retail', 'Delivery']",Product B,36-45,2,41.57,83.14
ORD-100345,2026-07-17,East,"['Web Service', 'Mobile', 'In Store', 'Retail', 'Delivery']",Product A,26-35,2,26.23,52.46
ORD-100346,2026-06-05,South,"['Web Service', 'Mobile', 'In Store', 'Retail', 'Delivery']",Product A,56-65,1,28.13,28.13
ORD-100347,2026-07-05,West,"['Web Service', 'Mobile', 'In Store', 'Retail', 'Delivery']",Product A,36-45,2,23.37,46.74
ORD-100348,2026-06-09,West,"['Web Service', 'Mobile', 'In Store', 'Retail', 'Delivery']",Product A,26-35,1,22.98,22.98
ORD-100349,2026-09-23,Midwest,"['Web Service', 'Mobile', 'In Store', 'Retail', 'Delivery']",Product C,66+,2,57.98,115.96
ORD-100350,2026-07-22,South,"['Web Service', 'Mobile', 'In Store', 'Retail', 'Delivery']",Product B,18-25,1,39.3,39.3
ORD-100351,2027-01-22,West,"['Web Service', 'Mobile', 'In Store', 'Retail', 'Delivery']",Product C,26-35,3,57.79,173.37
ORD-100352,2026-11-22,South,"['Web Service', 'Mobile', 'In Store', 'Retail', 'Delivery']",Product B,26-35,2,40.91,81.82
ORD-100353,2026-08-21,East,"['Web Service', 'Mobile', 'In Store', 'Retail', 'Delivery']",Product B,46-55,1,44.16,44.16
ORD-100354,2026-09-25,Midwest,"['Web Service', 'Mobile', 'In Store', 'Retail', 'Delivery']",Product C,26-35,2,49.87,99.74
ORD-100355,2026-03-08,East,"['Web Service', 'Mobile', 'In Store', 'Retail', 'Delivery']",Product A,66+,1,27.7,27.7
ORD-100356,2026-09-05,West,"['Web Service', 'Mobile', 'In Store', 'Retail', 'Delivery']",Product B,56-65,1,42.59,42.59
ORD-100357,2026-08-25,Midwest,"['Web Service', 'Mobile', 'In Store', 'Retail', 'Delivery']",Product A,46-55,1,25.5,25.5
ORD-100358,2026-11-02,Midwest,"['Web Service', 'Mobile', 'In Store', 'Retail', 'Delivery']",Product C,36-45,4,59.15,236.6
ORD-100359,2026-08-01,West,"['Web Service', 'Mobile', 'In Store', 'Retail', 'Delivery']",Product A,36-45,2,26.61,53.22
ORD-100360,2026-09-09,Midwest,"['Web Service', 'Mobile', 'In Store', 'Retail', 'Delivery']",Product C,18-25,3,59.85,179.55
ORD-100361,2026-11-25,West,"['Web Service', 'Mobile', 'In Store', 'Retail', 'Delivery']",Product A,18-25,1,25.74,25.74
ORD-100362,2026-10-15,East,"['Web Service', 'Mobile', 'In Store', 'Retail', 'Delivery']",Product A,46-55,1,26.18,26.18
ORD-100363,2026-03-16,North,"['Web Service', 'Mobile', 'In Store', 'Retail', 'Delivery']",Product A,18-25,3,28.25,84.75
ORD-100364,2026-10-02,East,"['Web Service', 'Mobile', 'In Store', 'Retail', 'Delivery']",Product C,18-25,1,56.14,56.14
ORD-100365,2027-01-30,East,"['Web Service', 'Mobile', 'In Store', 'Retail', 'Delivery']",Product C,18-25,4,50.11,200.44
ORD-100366,2026-07-20,West,"['Web Service', 'Mobile', 'In Store', 'Retail', 'Delivery']",Product B,18-25,3,41.52,124.56
ORD-100367,2026-05-07,South,"['Web Service', 'Mobile', 'In Store', 'Retail', 'Delivery']",Product B,36-45,1,42.3,42.3
ORD-100368,2026-09-08,North,"['Web Service', 'Mobile', 'In Store', 'Retail', 'Delivery']",Product B,46-55,1,40.5,40.5
ORD-100369,2026-03-05,West,"['Web Service', 'Mobile', 'In Store', 'Retail', 'Delivery']",Product C,26-35,1,59.18,59.18
ORD-100370,2026-10-09,East,"['Web Service', 'Mobile', 'In Store', 'Retail', 'Delivery']",Product C,36-45,1,53.11,53.11
ORD-100371,2026-08-20,Midwest,"['Web Service', 'Mobile', 'In Store', 'Retail', 'Delivery']",Product C,36-45,2,54.84,109.68
ORD-100372,2026-07-03,South,"['Web Service', 'Mobile', 'In Store', 'Retail', 'Delivery']",Product B,36-45,1,43.06,43.06
ORD-100373,2026-06-03,West,"['Web Service', 'Mobile', 'In Store', 'Retail', 'Delivery']",Product C,66+,1,53.81,53.81
ORD-100374,2026-05-07,West,"['Web Service', 'Mobile', 'In Store', 'Retail', 'Delivery']",Product A,26-35,2,24.9,49.8
ORD-100375,2026-06-28,Midwest,"['Web Service', 'Mobile', 'In Store', 'Retail', 'Delivery']",Product C,36-45,1,51.79,51.79
ORD-100376,2026-08-16,Midwest,"['Web Service', 'Mobile', 'In Store', 'Retail', 'Delivery']",Product B,18-25,3,37.37,112.11
ORD-100377,2026-09-01,South,"['Web Service', 'Mobile', 'In Store', 'Retail', 'Delivery']",Product C,66+,2,58.91,117.82
ORD-100378,2026-06-30,West,"['Web Service', 'Mobile', 'In Store', 'Retail', 'Delivery']",Product B,46-55,2,43.61,87.22
ORD-100379,2026-10-12,East,"['Web Service', 'Mobile', 'In Store', 'Retail', 'Delivery']",Product A,18-25,2,25.36,50.72
ORD-100380,2026-11-05,North,"['Web Service', 'Mobile', 'In Store', 'Retail', 'Delivery']",Product A,36-45,1,28.69,28.69
ORD-100381,2026-09-06,Midwest,"['Web Service', 'Mobile', 'In Store', 'Retail', 'Delivery']",Product A,56-65,3,23.87,71.61
ORD-100382,2026-03-17,East,"['Web Service', 'Mobile', 'In Store', 'Retail', 'Delivery']",Product C,18-25,2,61.36,122.72
ORD-100383,2026-07-30,West,"['Web Service', 'Mobile', 'In Store', 'Retail', 'Delivery']",Product A,26-35,1,26.17,26.17
ORD-100384,2026-03-03,West,"['Web Service', 'Mobile', 'In Store', 'Retail', 'Delivery']",Product C,56-65,1,60.69,60.69
ORD-100385,2026-07-16,Midwest,"['Web Service', 'Mobile', 'In Store', 'Retail', 'Delivery']",Product C,36-45,1,56.91,56.91
ORD-100386,2027-01-14,Midwest,"['Web Service', 'Mobile', 'In Store', 'Retail', 'Delivery']",Product B,66+,1,45.85,45.85
ORD-100387,2027-01-02,North,"['Web Service', 'Mobile', 'In Store', 'Retail', 'Delivery']",Product A,56-65,3,28.7,86.1
ORD-100388,2026-10-09,West,"['Web Service', 'Mobile', 'In Store', 'Retail', 'Delivery']",Product A,18-25,1,26.73,26.73
ORD-100389,2026-03-20,South,"['Web Service', 'Mobile', 'In Store', 'Retail', 'Delivery']",Product C,18-25,1,50.54,50.54
ORD-100390,2026-03-20,East,"['Web Service', 'Mobile', 'In Store', 'Retail', 'Delivery']",Product C,26-35,1,61.45,61.45
ORD-100391,2026-08-23,North,"['Web Service', 'Mobile', 'In Store', 'Retail', 'Delivery']",Product B,46-55,2,43.96,87.92
ORD-100392,2026-11-17,South,"['Web Service', 'Mobile', 'In Store', 'Retail', 'Delivery']",Product B,26-35,1,41.78,41.78
ORD-100393,2026-09-24,North,"['Web Service', 'Mobile', 'In Store', 'Retail', 'Delivery']",Product B,56-65,3,37.0,111.0
ORD-100394,2026-04-09,South,"['Web Service', 'Mobile', 'In Store', 'Retail', 'Delivery']",Product A,18-25,4,26.8,107.2
ORD-100395,2026-08-04,East,"['Web Service', 'Mobile', 'In Store', 'Retail', 'Delivery']",Product B,56-65,2,36.93,73.86
ORD-100396,2027-01-02,North,"['Web Service', 'Mobile', 'In Store', 'Retail', 'Delivery']",Product B,26-35,1,38.34,38.34
ORD-100397,2026-05-27,West,"['Web Service', 'Mobile', 'In Store', 'Retail', 'Delivery']",Product A,18-25,2,23.33,46.66
ORD-100398,2026-09-05,North,"['Web Service', 'Mobile', 'In Store', 'Retail', 'Delivery']",Product B,36-45,1,45.88,45.88
ORD-100399,2026-03-25,West,"['Web Service', 'Mobile', 'In Store', 'Retail', 'Delivery']",Product B,46-55,1,39.83,39.83
ORD-100400,2027-01-13,West,"['Web Service', 'Mobile', 'In Store', 'Retail', 'Delivery']",Product B,18-25,1,42.42,42.42
ORD-100401,2026-07-30,North,"['Web Service', 'Mobile', 'In Store', 'Retail', 'Delivery']",Product C,18-25,3,51.76,155.28
ORD-100402,2026-03-24,South,"['Web Service', 'Mobile', 'In Store', 'Retail', 'Delivery']",Product C,46-55,1,52.49,52.49
ORD-100403,2026-04-13,South,"['Web Service', 'Mobile', 'In Store', 'Retail', 'Delivery']",Product A,18-25,1,25.18,25.18
ORD-100404,2027-01-20,West,"['Web Service', 'Mobile', 'In Store', 'Retail', 'Delivery']",Product C,26-35,1,60.21,60.21
ORD-100405,2026-08-20,West,"['Web Service', 'Mobile', 'In Store', 'Retail', 'Delivery']",Product C,18-25,1,56.51,56.51
ORD-100406,2026-02-07,South,"['Web Service', 'Mobile', 'In Store', 'Retail', 'Delivery']",Product A,26-35,1,22.94,22.94
ORD-100407,2026-11-19,South,"['Web Service', 'Mobile', 'In Store', 'Retail', 'Delivery']",Product B,66+,2,44.61,89.22
ORD-100408,2026-06-15,South,"['Web Service', 'Mobile', 'In Store', 'Retail', 'Delivery']",Product C,26-35,4,50.43,201.72
ORD-100409,2026-09-01,Midwest,"['Web Service', 'Mobile', 'In Store', 'Retail', 'Delivery']",Product A,26-35,1,26.95,26.95
ORD-100410,2026-05-16,Midwest,"['Web Service', 'Mobile', 'In Store', 'Retail', 'Delivery']",Product B,26-35,2,36.79,73.58
ORD-100411,2026-12-22,East,"['Web Service', 'Mobile', 'In Store', 'Retail', 'Delivery']",Product A,66+,1,24.94,24.94
ORD-100412,2026-03-02,East,"['Web Service', 'Mobile', 'In Store', 'Retail', 'Delivery']",Product C,46-55,1,61.14,61.14
ORD-100413,2027-01-08,South,"['Web Service', 'Mobile', 'In Store', 'Retail', 'Delivery']",Product B,26-35,1,36.55,36.55
ORD-100414,2026-10-13,North,"['Web Service', 'Mobile', 'In Store', 'Retail', 'Delivery']",Product C,46-55,2,49.66,99.32
ORD-100415,2026-04-06,East,"['Web Service', 'Mobile', 'In Store', 'Retail', 'Delivery']",Product C,66+,2,51.8,103.6
ORD-100416,2026-06-15,North,"['Web Service', 'Mobile', 'In Store', 'Retail', 'Delivery']",Product B,46-55,1,41.24,41.24
ORD-100417,2026-08-04,South,"['Web Service', 'Mobile', 'In Store', 'Retail', 'Delivery']",Product C,46-55,2,55.76,111.52
ORD-100418,2026-04-01,East,"['Web Service', 'Mobile', 'In Store', 'Retail', 'Delivery']",Product C,18-25,2,58.77,117.54
ORD-100419,2026-02-24,North,"['Web Service', 'Mobile', 'In Store', 'Retail', 'Delivery']",Product C,26-35,3,49.67,149.01
ORD-100420,2027-02-01,West,"['Web Service', 'Mobile', 'In Store', 'Retail', 'Delivery']",Product B,36-45,3,41.53,124.59
ORD-100421,2026-07-14,East,"['Web Service', 'Mobile', 'In Store', 'Retail', 'Delivery']",Product B,46-55,1,38.48,38.48
ORD-100422,2026-10-23,East,"['Web Service', 'Mobile', 'In Store', 'Retail', 'Delivery']",Product A,26-35,4,23.89,95.56
ORD-100423,2026-07-10,South,"['Web Service', 'Mobile', 'In Store', 'Retail', 'Delivery']",Product B,66+,3,44.66,133.98
ORD-100424,2026-06-05,North,"['Web Service', 'Mobile', 'In Store', 'Retail', 'Delivery']",Product C,26-35,1,59.67,59.67
ORD-100425,2026-11-07,West,"['Web Service', 'Mobile', 'In Store', 'Retail', 'Delivery']",Product C,36-45,2,59.57,119.14
ORD-100426,2026-12-23,North,"['Web Service', 'Mobile', 'In Store', 'Retail', 'Delivery']",Product A,46-55,2,25.88,51.76
ORD-100427,2026-08-12,North,"['Web Service', 'Mobile', 'In Store', 'Retail', 'Delivery']",Product A,56-65,1,27.24,27.24
ORD-100428,2026-03-03,North,"['Web Service', 'Mobile', 'In Store', 'Retail', 'Delivery']",Product C,56-65,2,55.27,110.54
ORD-100429,2026-05-30,North,"['Web Service', 'Mobile', 'In Store', 'Retail', 'Delivery']",Product A,66+,4,22.77,91.08
ORD-100430,2026-10-17,East,"['Web Service', 'Mobile', 'In Store', 'Retail', 'Delivery']",Product C,56-65,1,57.49,57.49
ORD-100431,2026-04-08,Midwest,"['Web Service', 'Mobile', 'In Store', 'Retail', 'Delivery']",Product B,18-25,2,40.35,80.7
ORD-100432,2026-03-11,South,"['Web Service', 'Mobile', 'In Store', 'Retail', 'Delivery']",Product B,26-35,1,38.72,38.72
ORD-100433,2026-04-26,North,"['Web Service', 'Mobile', 'In Store', 'Retail', 'Delivery']",Product A,66+,1,23.47,23.47
ORD-100434,2026-07-08,North,"['Web Service', 'Mobile', 'In Store', 'Retail', 'Delivery']",Product B,36-45,1,38.08,38.08
ORD-100435,2026-07-06,West,"['Web Service', 'Mobile', 'In Store', 'Retail', 'Delivery']",Product A,36-45,1,27.55,27.55
ORD-100436,2027-01-31,North,"['Web Service', 'Mobile', 'In Store', 'Retail', 'Delivery']",Product C,56-65,2,51.54,103.08
ORD-100437,2026-05-01,Midwest,"['Web Service', 'Mobile', 'In Store', 'Retail', 'Delivery']",Product B,26-35,4,38.99,155.96
ORD-100438,2026-04-13,Midwest,"['Web Service', 'Mobile', 'In Store', 'Retail', 'Delivery']",Product B,18-25,1,44.04,44.04
ORD-100439,2027-01-18,West,"['Web Service', 'Mobile', 'In Store', 'Retail', 'Delivery']",Product A,18-25,1,25.0,25.0
ORD-100440,2026-03-06,Midwest,"['Web Service', 'Mobile', 'In Store', 'Retail', 'Delivery']",Product C,36-45,1,50.53,50.53
ORD-100441,2026-07-20,West,"['Web Service', 'Mobile', 'In Store', 'Retail', 'Delivery']",Product C,26-35,2,61.15,122.3
ORD-100442,2026-08-15,West,"['Web Service', 'Mobile', 'In Store', 'Retail', 'Delivery']",Product B,18-25,2,40.96,81.92
ORD-100443,2026-06-21,West,"['Web Service', 'Mobile', 'In Store', 'Retail', 'Delivery']",Product A,46-55,1,28.18,28.18
ORD-100444,2026-11-09,Midwest,"['Web Service', 'Mobile', 'In Store', 'Retail', 'Delivery']",Product A,26-35,1,25.07,25.07
ORD-100445,2026-05-14,South,"['Web Service', 'Mobile', 'In Store', 'Retail', 'Delivery']",Product A,36-45,1,23.36,23.36
ORD-100446,2026-08-03,Midwest,"['Web Service', 'Mobile', 'In Store', 'Retail', 'Delivery']",Product C,46-55,2,60.25,120.5
ORD-100447,2026-08-18,Midwest,"['Web Service', 'Mobile', 'In Store', 'Retail', 'Delivery']",Product B,36-45,1,41.02,41.02
ORD-100448,2026-09-30,Midwest,"['Web Service', 'Mobile', 'In Store', 'Retail', 'Delivery']",Product A,26-35,2,22.87,45.74
ORD-100449,2027-01-03,West,"['Web Service', 'Mobile', 'In Store', 'Retail', 'Delivery']",Product C,36-45,4,50.88,203.52
ORD-100450,2026-04-30,West,"['Web Service', 'Mobile', 'In Store', 'Retail', 'Delivery']",Product C,26-35,1,62.36,62.36
ORD-100451,2027-01-25,East,"['Web Service', 'Mobile', 'In Store', 'Retail', 'Delivery']",Product C,18-25,1,49.89,49.89
ORD-100452,2026-10-11,West,"['Web Service', 'Mobile', 'In Store', 'Retail', 'Delivery']",Product C,26-35,1,61.62,61.62
ORD-100453,2026-05-31,North,"['Web Service', 'Mobile', 'In Store', 'Retail', 'Delivery']",Product A,36-45,1,23.06,23.06
ORD-100454,2026-04-08,South,"['Web Service', 'Mobile', 'In Store', 'Retail', 'Delivery']",Product A,36-45,4,23.76,95.04
ORD-100455,2026-04-14,North,"['Web Service', 'Mobile', 'In Store', 'Retail', 'Delivery']",Product A,26-35,3,26.17,78.51
ORD-100456,2026-03-24,North,"['Web Service', 'Mobile', 'In Store', 'Retail', 'Delivery']",Product C,46-55,1,54.94,54.94
ORD-100457,2026-12-25,West,"['Web Service', 'Mobile', 'In Store', 'Retail', 'Delivery']",Product B,26-35,3,40.37,121.11
ORD-100458,2026-12-12,West,"['Web Service', 'Mobile', 'In Store', 'Retail', 'Delivery']",Product C,66+,1,61.73,61.73
ORD-100459,2027-01-19,West,"['Web Service', 'Mobile', 'In Store', 'Retail', 'Delivery']",Product A,46-55,1,24.86,24.86
ORD-100460,2026-12-06,Midwest,"['Web Service', 'Mobile', 'In Store', 'Retail', 'Delivery']",Product A,26-35,1,22.7,22.7
ORD-100461,2026-07-20,Midwest,"['Web Service', 'Mobile', 'In Store', 'Retail', 'Delivery']",Product C,26-35,5,56.32,281.6
ORD-100462,2027-01-29,East,"['Web Service', 'Mobile', 'In Store', 'Retail', 'Delivery']",Product A,46-55,3,23.05,69.15
ORD-100463,2026-05-19,South,"['Web Service', 'Mobile', 'In Store', 'Retail', 'Delivery']",Product C,46-55,3,49.66,148.98
ORD-100464,2026-09-03,East,"['Web Service', 'Mobile', 'In Store', 'Retail', 'Delivery']",Product A,26-35,3,25.24,75.72
ORD-100465,2026-08-12,South,"['Web Service', 'Mobile', 'In Store', 'Retail', 'Delivery']",Product B,66+,1,39.51,39.51
ORD-100466,2026-07-14,West,"['Web Service', 'Mobile', 'In Store', 'Retail', 'Delivery']",Product B,18-25,2,38.95,77.9
ORD-100467,2026-03-11,East,"['Web Service', 'Mobile', 'In Store', 'Retail', 'Delivery']",Product A,26-35,2,24.85,49.7
ORD-100468,2026-09-09,Midwest,"['Web Service', 'Mobile', 'In Store', 'Retail', 'Delivery']",Product A,36-45,4,26.9,107.6
ORD-100469,2026-03-24,South,"['Web Service', 'Mobile', 'In Store', 'Retail', 'Delivery']",Product A,66+,1,23.48,23.48
ORD-100470,2026-06-02,Midwest,"['Web Service', 'Mobile', 'In Store', 'Retail', 'Delivery']",Product A,26-35,1,24.26,24.26
ORD-100471,2026-08-04,Midwest,"['Web Service', 'Mobile', 'In Store', 'Retail', 'Delivery']",Product B,18-25,1,37.54,37.54
ORD-100472,2026-03-14,Midwest,"['Web Service', 'Mobile', 'In Store', 'Retail', 'Delivery']",Product A,18-25,1,26.49,26.49
ORD-100473,2027-01-05,South,"['Web Service', 'Mobile', 'In Store', 'Retail', 'Delivery']",Product A,36-45,2,25.44,50.88
ORD-100474,2026-06-15,South,"['Web Service', 'Mobile', 'In Store', 'Retail', 'Delivery']",Product C,26-35,2,55.63,111.26
ORD-100475,2027-01-23,East,"['Web Service', 'Mobile', 'In Store', 'Retail', 'Delivery']",Product B,26-35,3,37.51,112.53
ORD-100476,2026-03-04,Midwest,"['Web Service', 'Mobile', 'In Store', 'Retail', 'Delivery']",Product A,46-55,1,23.92,23.92
ORD-100477,2026-10-02,Midwest,"['Web Service', 'Mobile', 'In Store', 'Retail', 'Delivery']",Product C,56-65,2,58.95,117.9
ORD-100478,2026-10-16,East,"['Web Service', 'Mobile', 'In Store', 'Retail', 'Delivery']",Product A,36-45,3,26.96,80.88
ORD-100479,2026-09-18,Midwest,"['Web Service', 'Mobile', 'In Store', 'Retail', 'Delivery']",Product C,36-45,3,51.53,154.59
ORD-100480,2026-12-19,West,"['Web Service', 'Mobile', 'In Store', 'Retail', 'Delivery']",Product A,18-25,2,25.22,50.44
ORD-100481,2026-03-07,East,"['Web Service', 'Mobile', 'In Store', 'Retail', 'Delivery']",Product C,18-25,2,62.07,124.14
ORD-100482,2027-01-25,Midwest,"['Web Service', 'Mobile', 'In Store', 'Retail', 'Delivery']",Product C,18-25,1,61.51,61.51
ORD-100483,2026-04-17,North,"['Web Service', 'Mobile', 'In Store', 'Retail', 'Delivery']",Product C,36-45,2,55.2,110.4
ORD-100484,2026-11-02,North,"['Web Service', 'Mobile', 'In Store', 'Retail', 'Delivery']",Product C,36-45,1,53.43,53.43
ORD-100485,2026-11-20,South,"['Web Service', 'Mobile', 'In Store', 'Retail', 'Delivery']",Product B,56-65,1,42.55,42.55
ORD-100486,2026-08-25,East,"['Web Service', 'Mobile', 'In Store', 'Retail', 'Delivery']",Product A,36-45,1,26.76,26.76
ORD-100487,2026-08-10,North,"['Web Service', 'Mobile', 'In Store', 'Retail', 'Delivery']",Product B,18-25,2,45.21,90.42
ORD-100488,2026-05-28,East,"['Web Service', 'Mobile', 'In Store', 'Retail', 'Delivery']",Product B,18-25,3,45.72,137.16
ORD-100489,2026-12-28,East,"['Web Service', 'Mobile', 'In Store', 'Retail', 'Delivery']",Product C,18-25,1,55.23,55.23
ORD-100490,2026-10-22,South,"['Web Service', 'Mobile', 'In Store', 'Retail', 'Delivery']",Product B,18-25,1,44.21,44.21
ORD-100491,2026-10-27,Midwest,"['Web Service', 'Mobile', 'In Store', 'Retail', 'Delivery']",Product A,56-65,1,25.02,25.02
ORD-100492,2026-02-17,West,"['Web Service', 'Mobile', 'In Store', 'Retail', 'Delivery']",Product A,56-65,2,22.86,45.72
ORD-100493,2026-09-26,East,"['Web Service', 'Mobile', 'In Store', 'Retail', 'Delivery']",Product B,36-45,1,39.68,39.68
ORD-100494,2026-10-01,North,"['Web Service', 'Mobile', 'In Store', 'Retail', 'Delivery']",Product C,36-45,2,55.63,111.26
ORD-100495,2026-06-13,West,"['Web Service', 'Mobile', 'In Store', 'Retail', 'Delivery']",Product B,36-45,3,44.38,133.14
ORD-100496,2026-05-21,East,"['Web Service', 'Mobile', 'In Store', 'Retail', 'Delivery']",Product C,46-55,2,61.24,122.48
ORD-100497,2026-08-29,West,"['Web Service', 'Mobile', 'In Store', 'Retail', 'Delivery']",Product C,56-65,2,53.2,106.4
ORD-100498,2026-02-05,South,"['Web Service', 'Mobile', 'In Store', 'Retail', 'Delivery']",Product C,36-45,3,57.77,173.31
ORD-100499,2026-07-29,East,"['Web Service', 'Mobile', 'In Store', 'Retail', 'Delivery']",Product C,26-35,1,54.68,54.68
